SNT,RT,MNA,Xpand,Maxscale,Xgress,Parameter,Default value(SNT),Default value(RT),Default value(MNA),Default value(Xpand),Default values(Xgress),Tag(s),Possible Values,Variable type,Requires restart,Read Only,Server/Maxscale,Multiselect,Minimum Value,Maximum Value,Documentation Link,Comments,Active,Config Section
,,,Yes,,Yes,alter_hold_until_checkpoint,,,,FALSE,FALSE,Locks,"TRUE, FALSE",boolean,No,,,,,,,,,
,,,Yes,,Yes,alter_lock,,,,NONE,NONE,Locks,"NONE, SHARED, AUTO",string,No,,,,,,,,,
Yes,Yes,Yes,,,,auto_increment_increment,1,1,1,,,General,,bigint unsigned,No,,,,1,65535,https://r.mariadb.com/skysql-system-variables/auto_increment_increment/,,,
Yes,Yes,Yes,Yes,,Yes,autocommit,ON,ON,ON,ON,ON,General,"OFF, ON",boolean,No,,,,,,https://r.mariadb.com/skysql-system-variables/autocommit/,,,
No,Yes,No,,,,binlog_commit_wait_count,0,0,0,,,Replication,"0,5,25,100,500,1000,5000",integer,No,,,,,,https://r.mariadb.com/skysql-system-variables/binlog_commit_wait_count/,,,
No,Yes,No,,,,binlog_commit_wait_usec,100000,100000,100000,,,Replication,"0,10000,100000,500000,1000000",integer,No,,,,,,https://r.mariadb.com/skysql-system-variables/binlog_commit_wait_usec/,,,
,Yes,,,Yes,,causal_reads,,none,,,,Routers,"none,local,global,fast",enum,Yes,,,,,,https://mariadb.com/docs/xpand/ref/mxs/module-parameters/causal_reads/,,,ReadWriteSplit
,Yes,,,Yes,,causal_reads_timeout,,10s,,,,Routers,"5s, 10s, 30s, 60s",numeric,Yes,,,,,,https://mariadb.com/docs/xpand/ref/mxs/module-parameters/causal_reads_timeout/,,,ReadWriteSplit
Yes,Yes,Yes,,,,connect_timeout,5,5,10,,,General,,bigint unsigned,No,,,,2,31536000,https://r.mariadb.com/skysql-system-variables/connect_timeout/,,,
Yes,Yes,Yes,,,,cracklib_password_check,OFF,OFF,OFF,,,Security,"OFF, ON, FORCE, FORCE_PLUS_PERMANENT",enumerated,Yes,Yes,,,,,https://r.mariadb.com/skysql-system-variables/cracklib_password_check/,,,
Yes,Yes,Yes,Yes,,Yes,default_password_lifetime,0,0,0,0,0,Security,,integer,No,,,,0,4294967295,https://r.mariadb.com/skysql-system-variables/default_password_lifetime/,,,
Yes,Yes,No,,,,default_time_zone,system,system,system,,,General,"Africa/Abidjan,Africa/Accra,Africa/Addis_Ababa,Africa/Algiers,Africa/Asmara,Africa/Asmera,Africa/Bamako,Africa/Bangui,Africa/Banjul,Africa/Bissau,Africa/Blantyre,Africa/Brazzaville,Africa/Bujumbura,Africa/Cairo,Africa/Casablanca,Africa/Ceuta,Africa/Conakry,Africa/Dakar,Africa/Dar_es_Salaam,Africa/Djibouti,Africa/Douala,Africa/El_Aaiun,Africa/Freetown,Africa/Gaborone,Africa/Harare,Africa/Johannesburg,Africa/Juba,Africa/Kampala,Africa/Khartoum,Africa/Kigali,Africa/Kinshasa,Africa/Lagos,Africa/Libreville,Africa/Lome,Africa/Luanda,Africa/Lubumbashi,Africa/Lusaka,Africa/Malabo,Africa/Maputo,Africa/Maseru,Africa/Mbabane,Africa/Mogadishu,Africa/Monrovia,Africa/Nairobi,Africa/Ndjamena,Africa/Niamey,Africa/Nouakchott,Africa/Ouagadougou,Africa/Porto-Novo,Africa/Sao_Tome,Africa/Timbuktu,Africa/Tripoli,Africa/Tunis,Africa/Windhoek,America/Adak,America/Anchorage,America/Anguilla,America/Antigua,America/Araguaina,America/Argentina/Buenos_Aires,America/Argentina/Catamarca,America/Argentina/ComodRivadavia,America/Argentina/Cordoba,America/Argentina/Jujuy,America/Argentina/La_Rioja,America/Argentina/Mendoza,America/Argentina/Rio_Gallegos,America/Argentina/Salta,America/Argentina/San_Juan,America/Argentina/San_Luis,America/Argentina/Tucuman,America/Argentina/Ushuaia,America/Aruba,America/Asuncion,America/Atikokan,America/Atka,America/Bahia,America/Bahia_Banderas,America/Barbados,America/Belem,America/Belize,America/Blanc-Sablon,America/Boa_Vista,America/Bogota,America/Boise,America/Buenos_Aires,America/Cambridge_Bay,America/Campo_Grande,America/Cancun,America/Caracas,America/Catamarca,America/Cayenne,America/Cayman,America/Chicago,America/Chihuahua,America/Coral_Harbour,America/Cordoba,America/Costa_Rica,America/Creston,America/Cuiaba,America/Curacao,America/Danmarkshavn,America/Dawson,America/Dawson_Creek,America/Denver,America/Detroit,America/Dominica,America/Edmonton,America/Eirunepe,America/El_Salvador,America/Ensenada,America/Fort_Nelson,America/Fort_Wayne,America/Fortaleza,America/Glace_Bay,America/Godthab,America/Goose_Bay,America/Grand_Turk,America/Grenada,America/Guadeloupe,America/Guatemala,America/Guayaquil,America/Guyana,America/Halifax,America/Havana,America/Hermosillo,America/Indiana/Indianapolis,America/Indiana/Knox,America/Indiana/Marengo,America/Indiana/Petersburg,America/Indiana/Tell_City,America/Indiana/Vevay,America/Indiana/Vincennes,America/Indiana/Winamac,America/Indianapolis,America/Inuvik,America/Iqaluit,America/Jamaica,America/Jujuy,America/Juneau,America/Kentucky/Louisville,America/Kentucky/Monticello,America/Knox_IN,America/Kralendijk,America/La_Paz,America/Lima,America/Los_Angeles,America/Louisville,America/Lower_Princes,America/Maceio,America/Managua,America/Manaus,America/Marigot,America/Martinique,America/Matamoros,America/Mazatlan,America/Mendoza,America/Menominee,America/Merida,America/Metlakatla,America/Mexico_City,America/Miquelon,America/Moncton,America/Monterrey,America/Montevideo,America/Montreal,America/Montserrat,America/Nassau,America/New_York,America/Nipigon,America/Nome,America/Noronha,America/North_Dakota/Beulah,America/North_Dakota/Center,America/North_Dakota/New_Salem,America/Nuuk,America/Ojinaga,America/Panama,America/Pangnirtung,America/Paramaribo,America/Phoenix,America/Port-au-Prince,America/Port_of_Spain,America/Porto_Acre,America/Porto_Velho,America/Puerto_Rico,America/Punta_Arenas,America/Rainy_River,America/Rankin_Inlet,America/Recife,America/Regina,America/Resolute,America/Rio_Branco,America/Rosario,America/Santa_Isabel,America/Santarem,America/Santiago,America/Santo_Domingo,America/Sao_Paulo,America/Scoresbysund,America/Shiprock,America/Sitka,America/St_Barthelemy,America/St_Johns,America/St_Kitts,America/St_Lucia,America/St_Thomas,America/St_Vincent,America/Swift_Current,America/Tegucigalpa,America/Thule,America/Thunder_Bay,America/Tijuana,America/Toronto,America/Tortola,America/Vancouver,America/Virgin,America/Whitehorse,America/Winnipeg,America/Yakutat,America/Yellowknife,Antarctica/Casey,Antarctica/Davis,Antarctica/DumontDUrville,Antarctica/Macquarie,Antarctica/Mawson,Antarctica/McMurdo,Antarctica/Palmer,Antarctica/Rothera,Antarctica/South_Pole,Antarctica/Syowa,Antarctica/Troll,Antarctica/Vostok,Arctic/Longyearbyen,Asia/Aden,Asia/Almaty,Asia/Amman,Asia/Anadyr,Asia/Aqtau,Asia/Aqtobe,Asia/Ashgabat,Asia/Ashkhabad,Asia/Atyrau,Asia/Baghdad,Asia/Bahrain,Asia/Baku,Asia/Bangkok,Asia/Barnaul,Asia/Beirut,Asia/Bishkek,Asia/Brunei,Asia/Calcutta,Asia/Chita,Asia/Choibalsan,Asia/Chongqing,Asia/Chungking,Asia/Colombo,Asia/Dacca,Asia/Damascus,Asia/Dhaka,Asia/Dili,Asia/Dubai,Asia/Dushanbe,Asia/Famagusta,Asia/Gaza,Asia/Harbin,Asia/Hebron,Asia/Ho_Chi_Minh,Asia/Hong_Kong,Asia/Hovd,Asia/Irkutsk,Asia/Istanbul,Asia/Jakarta,Asia/Jayapura,Asia/Jerusalem,Asia/Kabul,Asia/Kamchatka,Asia/Karachi,Asia/Kashgar,Asia/Kathmandu,Asia/Katmandu,Asia/Khandyga,Asia/Kolkata,Asia/Krasnoyarsk,Asia/Kuala_Lumpur,Asia/Kuching,Asia/Kuwait,Asia/Macao,Asia/Macau,Asia/Magadan,Asia/Makassar,Asia/Manila,Asia/Muscat,Asia/Nicosia,Asia/Novokuznetsk,Asia/Novosibirsk,Asia/Omsk,Asia/Oral,Asia/Phnom_Penh,Asia/Pontianak,Asia/Pyongyang,Asia/Qatar,Asia/Qostanay,Asia/Qyzylorda,Asia/Rangoon,Asia/Riyadh,Asia/Saigon,Asia/Sakhalin,Asia/Samarkand,Asia/Seoul,Asia/Shanghai,Asia/Singapore,Asia/Srednekolymsk,Asia/Taipei,Asia/Tashkent,Asia/Tbilisi,Asia/Tehran,Asia/Tel_Aviv,Asia/Thimbu,Asia/Thimphu,Asia/Tokyo,Asia/Tomsk,Asia/Ujung_Pandang,Asia/Ulaanbaatar,Asia/Ulan_Bator,Asia/Urumqi,Asia/Ust-Nera,Asia/Vientiane,Asia/Vladivostok,Asia/Yakutsk,Asia/Yangon,Asia/Yekaterinburg,Asia/Yerevan,Atlantic/Azores,Atlantic/Bermuda,Atlantic/Canary,Atlantic/Cape_Verde,Atlantic/Faeroe,Atlantic/Faroe,Atlantic/Jan_Mayen,Atlantic/Madeira,Atlantic/Reykjavik,Atlantic/South_Georgia,Atlantic/St_Helena,Atlantic/Stanley,Australia/ACT,Australia/Adelaide,Australia/Brisbane,Australia/Broken_Hill,Australia/Canberra,Australia/Currie,Australia/Darwin,Australia/Eucla,Australia/Hobart,Australia/LHI,Australia/Lindeman,Australia/Lord_Howe,Australia/Melbourne,Australia/NSW,Australia/North,Australia/Perth,Australia/Queensland,Australia/South,Australia/Sydney,Australia/Tasmania,Australia/Victoria,Australia/West,Australia/Yancowinna,Brazil/Acre,Brazil/DeNoronha,Brazil/East,Brazil/West,CET,CST6CDT,Canada/Atlantic,Canada/Central,Canada/Eastern,Canada/Mountain,Canada/Newfoundland,Canada/Pacific,Canada/Saskatchewan,Canada/Yukon,Chile/Continental,Chile/EasterIsland,Cuba,EET,EST,EST5EDT,Egypt,Eire,Etc/GMT,Etc/GMT+0,Etc/GMT+1,Etc/GMT+10,Etc/GMT+11,Etc/GMT+12,Etc/GMT+2,Etc/GMT+3,Etc/GMT+4,Etc/GMT+5,Etc/GMT+6,Etc/GMT+7,Etc/GMT+8,Etc/GMT+9,Etc/GMT-0,Etc/GMT-1,Etc/GMT-10,Etc/GMT-11,Etc/GMT-12,Etc/GMT-13,Etc/GMT-14,Etc/GMT-2,Etc/GMT-3,Etc/GMT-4,Etc/GMT-5,Etc/GMT-6,Etc/GMT-7,Etc/GMT-8,Etc/GMT-9,Etc/GMT0,Etc/Greenwich,Etc/UCT,Etc/UTC,Etc/Universal,Etc/Zulu,Europe/Amsterdam,Europe/Andorra,Europe/Astrakhan,Europe/Athens,Europe/Belfast,Europe/Belgrade,Europe/Berlin,Europe/Bratislava,Europe/Brussels,Europe/Bucharest,Europe/Budapest,Europe/Busingen,Europe/Chisinau,Europe/Copenhagen,Europe/Dublin,Europe/Gibraltar,Europe/Guernsey,Europe/Helsinki,Europe/Isle_of_Man,Europe/Istanbul,Europe/Jersey,Europe/Kaliningrad,Europe/Kiev,Europe/Kirov,Europe/Lisbon,Europe/Ljubljana,Europe/London,Europe/Luxembourg,Europe/Madrid,Europe/Malta,Europe/Mariehamn,Europe/Minsk,Europe/Monaco,Europe/Moscow,Europe/Nicosia,Europe/Oslo,Europe/Paris,Europe/Podgorica,Europe/Prague,Europe/Riga,Europe/Rome,Europe/Samara,Europe/San_Marino,Europe/Sarajevo,Europe/Saratov,Europe/Simferopol,Europe/Skopje,Europe/Sofia,Europe/Stockholm,Europe/Tallinn,Europe/Tirane,Europe/Tiraspol,Europe/Ulyanovsk,Europe/Uzhgorod,Europe/Vaduz,Europe/Vatican,Europe/Vienna,Europe/Vilnius,Europe/Volgograd,Europe/Warsaw,Europe/Zagreb,Europe/Zaporozhye,Europe/Zurich,GB,GB-Eire,GMT,GMT+0,GMT-0,GMT0,Greenwich,HST,Hongkong,Iceland,Indian/Antananarivo,Indian/Chagos,Indian/Christmas,Indian/Cocos,Indian/Comoro,Indian/Kerguelen,Indian/Mahe,Indian/Maldives,Indian/Mauritius,Indian/Mayotte,Indian/Reunion,Iran,Israel,Jamaica,Japan,Kwajalein,Libya,MET,MST,MST7MDT,Mexico/BajaNorte,Mexico/BajaSur,Mexico/General,NZ,NZ-CHAT,Navajo,PRC,PST8PDT,Pacific/Apia,Pacific/Auckland,Pacific/Bougainville,Pacific/Chatham,Pacific/Chuuk,Pacific/Easter,Pacific/Efate,Pacific/Enderbury,Pacific/Fakaofo,Pacific/Fiji,Pacific/Funafuti,Pacific/Galapagos,Pacific/Gambier,Pacific/Guadalcanal,Pacific/Guam,Pacific/Honolulu,Pacific/Johnston,Pacific/Kiritimati,Pacific/Kosrae,Pacific/Kwajalein,Pacific/Majuro,Pacific/Marquesas,Pacific/Midway,Pacific/Nauru,Pacific/Niue,Pacific/Norfolk,Pacific/Noumea,Pacific/Pago_Pago,Pacific/Palau,Pacific/Pitcairn,Pacific/Pohnpei,Pacific/Ponape,Pacific/Port_Moresby,Pacific/Rarotonga,Pacific/Saipan,Pacific/Samoa,Pacific/Tahiti,Pacific/Tarawa,Pacific/Tongatapu,Pacific/Truk,Pacific/Wake,Pacific/Wallis,Pacific/Yap,Poland,Portugal,ROC,ROK,Singapore,Turkey,UCT,US/Alaska,US/Aleutian,US/Arizona,US/Central,US/East-Indiana,US/Eastern,US/Hawaii,US/Indiana-Starke,US/Michigan,US/Mountain,US/Pacific,US/Samoa,UTC,Universal,W-SU,WET,Zulu,posixrules",string,No,,,,,,https://r.mariadb.com/skysql-system-variables/default_time_zone/,,,
,Yes,,,Yes,,delayed_retry,,true,,,,Routers,"true, false",boolean,Yes,,,,,,https://mariadb.com/docs/skysql/ref/mxs/module-parameters/delayed_retry/,,,ReadWriteSplit
,Yes,,,Yes,,delayed_retry_timeout,,10s,,,,Routers,"5s, 10s, 30s, 60s",duration,Yes,,,,,,https://mariadb.com/docs/skysql/ref/mxs/module-parameters/delayed_retry_timeout/,,,ReadWriteSplit
,,,Yes,,Yes,device_temporary_space_limit_bytes,,,,5368709120,5368709120,Storage,"2684354560, 5368709120, 10737418240, 21474836480",integer,Yes,,,,,,,,,
Yes,Yes,Yes,,,,disconnect_on_expired_password,OFF,OFF,OFF,,,Security ,"OFF, ON",boolean,No,,,,,,https://r.mariadb.com/skysql-system-variables/disconnect_on_expired_password/,,,
Yes,Yes,Yes,,,,div_precision_increment,4,4,4,,,General,,numeric,No,,,,0,38,https://r.mariadb.com/skysql-system-variables/div_precision_increment/,,,
Yes,Yes,Yes,,,,eq_range_index_dive_limit,200,200,200,,,General,"0,200,2000,6000,12000,20000",integer,No,,,,,,https://r.mariadb.com/skysql-system-variables/eq_range_index_dive_limit/,,,
Yes,Yes,Yes,,,,event_scheduler,OFF,OFF,OFF,,,General,"OFF, ON",boolean,No,,,,,,https://r.mariadb.com/skysql-system-variables/event_scheduler/,,,
Yes,Yes,10.6,,,,expire_logs_days,4,4,0,,,Logs,,DOUBLE,No,,,,0,99,https://r.mariadb.com/skysql-system-variables/expire_logs_days/,,,
Yes,Yes,Yes,,,,explicit_defaults_for_timestamp,OFF,OFF,OFF,,,General,"OFF,ON",boolean,No,,,,,,https://r.mariadb.com/skysql-system-variables/explicit_defaults_for_timestamp/,,,
,Yes,,,Yes,,failcount,,7,,,,Monitors,"1,5,7,10",numeric,Yes,,,,,,https://mariadb.com/docs/skysql/ref/mxs/module-parameters/failcount/,,,MariaDBMon
No,No,No,Yes,,Yes,foreign_key_checks,ON,ON,ON,ON,ON,General,"OFF, ON",boolean,No,,,,,,https://r.mariadb.com/skysql-system-variables/foreign_key_checks/,,,
No,Yes,No,,,,gtid_strict_mode,ON,ON,ON,,,Replication,"OFF, ON",boolean,No,,,,,,https://r.mariadb.com/skysql-system-variables/gtid_strict_mode/,,,
Yes,Yes,Yes,,,,idle_readonly_transaction_timeout,0,0,0,,,General,,integer,No,,,,0,31536000,https://r.mariadb.com/skysql-system-variables/idle_readonly_transaction_timeout/,,,
Yes,Yes,Yes,,,,idle_transaction_timeout,0,0,0,,,General,,integer,No,,,,0,31536000,https://r.mariadb.com/skysql-system-variables/idle_transaction_timeout/,,,
Yes,Yes,Yes,,,,idle_write_transaction_timeout,0,0,0,,,General,,integer,No,,,,0,31536000,https://r.mariadb.com/skysql-system-variables/idle_write_transaction_timeout/,,,
Yes,Yes,Yes,,,,innodb_autoextend_increment,64,64,64,,,"InnoDB, Data Integrity",,int unsigned,No,,,,1,1000,https://r.mariadb.com/skysql-system-variables/innodb_autoextend_increment/,,,
Yes,Yes,Yes,,,,innodb_buffer_pool_size,536870912,536870912,134217728,,,"InnoDB, Data Integrity",,bigint unsigned,No,,,,2097152,9223372036854775807,https://r.mariadb.com/skysql-system-variables/innodb_buffer_pool_size/,,No,
Yes,Yes,Yes,,,,innodb_change_buffering,none,none,none,,,"InnoDB, Data Integrity","none,inserts,deletes,changes,purges,all",enumerated,No,,,,,,https://r.mariadb.com/skysql-system-variables/innodb_change_buffering/,,,
Yes,Yes,Yes,,,,innodb_flush_log_at_trx_commit,1,1,1,,,"InnoDB, Data Integrity","0,1,2",integer,No,,,,,,https://r.mariadb.com/skysql-system-variables/innodb_flush_log_at_trx_commit/,,,
Yes,Yes,Yes,,,,innodb_log_file_size,1073741824,1073741824,100663296,,,"InnoDB, Data Integrity","4194304,100663296,536870912,1073741824,4294967296,8589934592,17179869184,34359738368,68719476736,137438953472",integer,Yes,,,,,,https://r.mariadb.com/skysql-system-variables/innodb_log_file_size/,,,
>=10.6,>=10.6,Yes,,,,innodb_read_only_compressed,OFF,OFF,OFF,,,"InnoDB, Data Integrity","OFF,ON",boolean,No,,,,,,https://r.mariadb.com/skysql-system-variables/innodb_read_only_compressed/,,No,
Yes,Yes,Yes,,,,innodb_strict_mode,ON,ON,OFF,,,"InnoDB, Data Integrity","OFF,ON",boolean,No,,,,,,https://r.mariadb.com/skysql-system-variables/innodb_strict_mode/,,,
Yes,Yes,Yes,Yes,,Yes,interactive_timeout,3600,3600,28800,28800,28800,General,"300,600,3600,28800,86400",integer,No,,,,,,https://r.mariadb.com/skysql-system-variables/interactive_timeout/,,,
Yes,Yes,Yes,,,,local_infile,ON,ON,ON,,,"General, Security","OFF, ON ",boolean,No,,,,,,https://r.mariadb.com/skysql-system-variables/local_infile/,,,
,,,Yes,,Yes,lockman_max_locks,,,,5000000,5000000,Locks,"5000000, 10000000, 20000000",integer,No,,,,,,,,,
,,,Yes,,Yes,lockman_max_transaction_locks,,,,1000000,1000000,Locks,"1000000, 2000000, 3000000",integer,No,,,,,,,,,
Yes,Yes,Yes,,,,log_output,FILE,FILE,FILE,,,Logs,"NONE,FILE,TABLE",enumerated,No,,,,,,https://r.mariadb.com/skysql-system-variables/log_output/,,,
Yes,Yes,Yes,,,,log_slow_filter,"10 selected","10 selected","10 selected",,,"General, Logs","admin,filesort,filesort_on_disk,filesort_priority_queue,full_join,full_scan,query_cache,query_cache_miss,tmp_table,tmp_table_on_disk",string,No,,,Yes,,,https://r.mariadb.com/skysql-system-variables/log_slow_filter/,,,
Yes,Yes,Yes,,,,log_slow_rate_limit,1,1,1,,,"General, Logs","1,10,100,1000,10000,100000,1000000",BIGINT UNSIGNED,No,,,,,,https://r.mariadb.com/skysql-system-variables/log_slow_rate_limit/,,,
Yes,Yes,Yes,,,,log_slow_verbosity,,,,,,"General, Logs","innodb, query_plan, explain",string,No,,,Yes,,,https://r.mariadb.com/skysql-system-variables/log_slow_verbosity/,,,
Yes,Yes,Yes,,,,log_warnings,2,2,2,,,"General, Logs","1, 2, 3, 4, 9",numeric,No,,,,,,https://r.mariadb.com/skysql-system-variables/log_warnings/,,,
Yes,Yes,Yes,,,,long_query_time,10.0,10.0,10.0,,,General,"0.01,0.02,0.03,0.04,0.05,0.06,0.07,0.08,0.09,0.1,0.15,0.2,0.3,0.5,1.0,2.0,3.0,4.0,5.0,6.0,7.0,8.0,9.0,10.0,15.0,20.0,30.0,60.0,120.0,180.0,300.0,600.0,900.0",DOUBLE,No,,,,,,https://r.mariadb.com/skysql-system-variables/long_query_time/,,,
Yes,Yes,Yes,,,,lower_case_table_names,0,0,0,,,General,"0,1",BIGINT UNSIGNED,Yes,,,,,,https://r.mariadb.com/skysql-system-variables/lower_case_table_names/,,,
,Yes,,,Yes,,master_accept_reads,,true,,,,Routers,"true, false",boolean,Yes,,,,,,"https://mariadb.com/docs/skysql/ref/mxs/module-parameters/master_accept_reads,Router.readwritesplit/",,,ReadWriteSplit
,Yes,,,Yes,,master_reconnection,,true,,,,Routers,"true, false",boolean,Yes,,,,,,https://mariadb.com/docs/skysql/ref/mxs/module-parameters/master_reconnection/,,,ReadWriteSplit
Yes,Yes,Yes,Yes,,Yes,max_allowed_packet,33554432,33554432,16777216,16777216,16777216,General,"16777216, 33554432, 67108864, 268435456, 536870912, 1073741824",integer,No,,,,,,https://r.mariadb.com/skysql-system-variables/max_allowed_packet/,,,
Yes,Yes,Yes,,,,max_password_errors,4294967295,4294967295,4294967295,,,Security,,numeric,No,,,,1,4294967295,https://r.mariadb.com/skysql-system-variables/max_password_errors/,,,
,,,Yes,,Yes,max_sierra_opt_mem_MiB,,,,80,80,Optimizer,"40, 80, 160",integer,No,,,,,,https://cloud.mariadb.com/csm?sys_kb_id=c7998cdf1b95c15009665533604bcb5b&id=kb_article_view&sysparm_rank=1&sysparm_tsqueryId=d25149ec97bf95dcbc51398fe153afbf,,,
,,,Yes,,Yes,max_sierra_parse_mem_MiB,,,,256,256,Optimizer,"128, 256, 512",integer,No,,,,,,https://cloud.mariadb.com/csm?sys_kb_id=c7998cdf1b95c15009665533604bcb5b&id=kb_article_view&sysparm_rank=1&sysparm_tsqueryId=d25149ec97bf95dcbc51398fe153afbf,,,
,,,Yes,,Yes,max_sierra_plan_s,,,,10,10,Optimizer,"5, 10, 20, 60",integer,No,,,,,,https://cloud.mariadb.com/csm?sys_kb_id=c7998cdf1b95c15009665533604bcb5b&id=kb_article_view&sysparm_rank=1&sysparm_tsqueryId=d25149ec97bf95dcbc51398fe153afbf,,,
,,,Yes,,Yes,max_sierra_tot_mem_MiB,,,,160,160,Optimizer,"80, 160, 320",integer,No,,,,,,https://cloud.mariadb.com/csm?sys_kb_id=c7998cdf1b95c15009665533604bcb5b&id=kb_article_view&sysparm_rank=1&sysparm_tsqueryId=d25149ec97bf95dcbc51398fe153afbf,,,
,,,Yes,,Yes,max_sierra_working_mem_MiB,,,,512,512,Optimizer,"256, 512, 1024",integer,No,,,,,,https://cloud.mariadb.com/csm?sys_kb_id=c7998cdf1b95c15009665533604bcb5b&id=kb_article_view&sysparm_rank=1&sysparm_tsqueryId=d25149ec97bf95dcbc51398fe153afbf,,,
,Yes,,,Yes,,max_slave_connections,,255,,,,Routers,,numeric,Yes,,,,0,255,https://mariadb.com/docs/skysql/ref/mxs/module-parameters/max_slave_connections/,,,ReadWriteSplit
,Yes,,,Yes,,max_slave_replication_lag,,0ms,,,,Routers,"10s, 30s, 60s, 120s, 600s, 1800s, 3600s",duration,Yes,,,,,,https://mariadb.com/docs/skysql/ref/mxs/module-parameters/max_slave_replication_lag/,,,ReadWriteSplit
,Yes,,,Yes,,monitor_interval,,2000ms,,,,Monitors,"500ms, 1000ms, 2000ms, 5000ms, 10000ms, 15000ms, 30000ms, 60000ms",duration,Yes,,,,,,"https://mariadb.com/docs/skysql/ref/mxs/module-parameters/monitor_interval,Monitor.mariadbmon/",,,MariaDBMon
,,,Yes,,Yes,mysql_version,,,,5.0.45,5.0.45,General,,,No,Yes,,,,,,,,
Yes,Yes,Yes,,,,net_buffer_length,16384,16384,16384,,,General,,bigint unsigned,No,,,,1024,1048576,https://r.mariadb.com/skysql-system-variables/net_buffer_length/,,,
Yes,Yes,Yes,,,,net_write_timeout,60,60,60,,,General,,bigint unsigned,No,,,,1,31536000,https://r.mariadb.com/skysql-system-variables/net_write_timeout/,,,
Yes,Yes,Yes,,,,optimizer_search_depth,62,62,62,,,Optimizer,"0,8,16,32,48,56,62",integer,No,,,,,,https://r.mariadb.com/skysql-system-variables/optimizer_search_depth/,,,
Yes,Yes,Yes,,,,performance_schema,OFF,OFF,OFF,,,Performance Schema,"OFF, ON",boolean,Yes,,,,,,https://r.mariadb.com/skysql-system-variables/performance_schema/,,,
Yes,Yes,Yes,,,,performance_schema_accounts_size,-1,-1,-1,,,Performance Schema,"-1,0,16,128,1024,8192,32768,65536,1048576",numeric,Yes,,,,,,https://r.mariadb.com/skysql-system-variables/performance_schema_accounts_size/,,,
Yes,Yes,Yes,,,,performance_schema_digests_size,-1,-1,-1,,,Performance Schema,"-1,0,10,50,100,200",numeric,Yes,,,,,,https://r.mariadb.com/skysql-system-variables/performance_schema_digests_size/,,,
Yes,Yes,Yes,,,,performance_schema_events_stages_history_long_size,-1,-1,-1,,,Performance Schema,"-1,0,16,128,1024,8192,32768,65536,1048576",numeric,Yes,,,,,,https://r.mariadb.com/skysql-system-variables/performance_schema_events_stages_history_long_size/,,,
Yes,Yes,Yes,,,,performance_schema_events_stages_history_size,-1,-1,-1,,,Performance Schema,"-1,0,16,128,256,512,1024",numeric,Yes,,,,,,https://r.mariadb.com/skysql-system-variables/performance_schema_events_stages_history_size/,,,
Yes,Yes,Yes,,,,performance_schema_events_statements_history_long_size,-1,-1,-1,,,Performance Schema,"-1,0,16,128,1024,8192,32768,65536,1048576",numeric,Yes,,,,,,https://r.mariadb.com/skysql-system-variables/performance_schema_events_statements_history_long_size/,,,
Yes,Yes,Yes,,,,performance_schema_events_statements_history_size,-1,-1,-1,,,Performance Schema,"-1,0,16,128,256,512,1024",numeric,Yes,,,,,,https://r.mariadb.com/skysql-system-variables/performance_schema_events_statements_history_size/,,,
Yes,Yes,Yes,,,,performance_schema_events_waits_history_long_size,-1,-1,-1,,,Performance Schema,"-1,0,16,128,1024,8192,32768,65536,1048576",numeric,Yes,,,,,,https://r.mariadb.com/skysql-system-variables/performance_schema_events_waits_history_long_size/,,,
Yes,Yes,Yes,,,,performance_schema_events_waits_history_size,-1,-1,-1,,,Performance Schema,"-1,0,16,128,256,512,1024",numeric,Yes,,,,,,https://r.mariadb.com/skysql-system-variables/performance_schema_events_waits_history_size/,,,
Yes,Yes,Yes,,,,performance_schema_hosts_size,-1,-1,-1,,,Performance Schema,"-1,0,16,128,1024,8192,32768,65536,1048576",numeric,Yes,,,,,,https://r.mariadb.com/skysql-system-variables/performance_schema_hosts_size/,,,
Yes,Yes,Yes,,,,performance_schema_max_cond_classes,90,90,90,,,Performance Schema,"0,40,90,150,200,250",numeric,Yes,,,,,,https://r.mariadb.com/skysql-system-variables/performance_schema_max_cond_classes/,,,
Yes,Yes,Yes,,,,performance_schema_max_cond_instances,-1,-1,-1,,,Performance Schema,"-1,0,16,128,1024,8192,32768,65536,1048576",numeric,Yes,,,,,,https://r.mariadb.com/skysql-system-variables/performance_schema_max_cond_instances/,,,
Yes,Yes,Yes,,,,performance_schema_max_digest_length,1024,1024,1024,,,Performance Schema,"0,16,128,1024,8192,32768,65536,1048576",numeric,Yes,,,,,,https://r.mariadb.com/skysql-system-variables/performance_schema_max_digest_length/,,,
Yes,Yes,Yes,,,,performance_schema_max_file_classes,80,80,80,,,Performance Schema,"0,40,80,150,210,250",numeric,Yes,,,,,,https://r.mariadb.com/skysql-system-variables/performance_schema_max_file_classes/,,,
Yes,Yes,Yes,,,,performance_schema_max_file_handles,32768,32768,32768,,,Performance Schema,"0,16,128,1024,8192,32768",numeric,Yes,,,,,,https://r.mariadb.com/skysql-system-variables/performance_schema_max_file_handles/,,,
Yes,Yes,Yes,,,,performance_schema_max_file_instances,-1,-1,-1,,,Performance Schema,"-1,0,16,128,1024,8192,32768,65536,1048576",numeric,Yes,,,,,,https://r.mariadb.com/skysql-system-variables/performance_schema_max_file_instances/,,,
Yes,Yes,Yes,,,,performance_schema_max_mutex_classes,200,200,200,,,Performance Schema,"0,40,90,150,200,210,250",numeric,Yes,,,,,,https://r.mariadb.com/skysql-system-variables/performance_schema_max_mutex_classes/,,,
Yes,Yes,Yes,,,,performance_schema_max_mutex_instances,-1,-1,-1,,,Performance Schema,"-1,0,16,128,1024,8192,32768,65536,1048576",numeric,Yes,,,,,,https://r.mariadb.com/skysql-system-variables/performance_schema_max_mutex_instances/,,,
Yes,Yes,Yes,,,,performance_schema_max_rwlock_classes,50,50,50,,,Performance Schema,"0,50,90,150,200,250",numeric,Yes,,,,,,https://r.mariadb.com/skysql-system-variables/performance_schema_max_rwlock_classes/,,,
Yes,Yes,Yes,,,,performance_schema_max_rwlock_instances,-1,-1,-1,,,Performance Schema,"-1,0,16,128,1024,8192,32768,65536,1048576",numeric,Yes,,,,,,https://r.mariadb.com/skysql-system-variables/performance_schema_max_rwlock_instances/,,,
Yes,Yes,Yes,,,,performance_schema_max_socket_classes,10,10,10,,,Performance Schema,"0,10,40,90,150,200,250",numeric,Yes,,,,,,https://r.mariadb.com/skysql-system-variables/performance_schema_max_socket_classes/,,,
Yes,Yes,Yes,,,,performance_schema_max_socket_instances,10,10,10,,,Performance Schema,"0,10,16,128,1024,8192,32768,65536,1048576",numeric,Yes,,,,,,https://r.mariadb.com/skysql-system-variables/performance_schema_max_socket_instances/,,,
Yes,Yes,Yes,,,,performance_schema_max_stage_classes,160,160,160,,,Performance Schema,"0,40,90,160,210,250",numeric,Yes,,,,,,https://r.mariadb.com/skysql-system-variables/performance_schema_max_stage_classes/,,,
Yes,Yes,Yes,,,,performance_schema_max_statement_classes,222,222,222,,,Performance Schema,"0,222, 256",numeric,Yes,,,,,,https://r.mariadb.com/skysql-system-variables/performance_schema_max_statement_classes/,,No,
Yes,Yes,Yes,,,,performance_schema_max_table_handles,-1,-1,-1,,,Performance Schema,"-1,0,16,128,1024,8192,32768,65536,1048576",numeric,Yes,,,,,,https://r.mariadb.com/skysql-system-variables/performance_schema_max_table_handles/,,,
Yes,Yes,Yes,,,,performance_schema_max_table_instances,-1,-1,-1,,,Performance Schema,"-1,0,16,128,1024,8192,32768,65536,1048576",numeric,Yes,,,,,,https://r.mariadb.com/skysql-system-variables/performance_schema_max_table_instances/,,,
Yes,Yes,Yes,,,,performance_schema_max_thread_classes,50,50,50,,,Performance Schema,"0,50,90,150,210,250",numeric,Yes,,,,,,https://r.mariadb.com/skysql-system-variables/performance_schema_max_thread_classes/,,,
Yes,Yes,Yes,,,,performance_schema_max_thread_instances,-1,-1,-1,,,Performance Schema,"-1,0,16,128,1024,8192,32768,65536,1048576",numeric,Yes,,,,,,https://r.mariadb.com/skysql-system-variables/performance_schema_max_thread_instances/,,,
Yes,Yes,Yes,,,,performance_schema_session_connect_attrs_size,-1,-1,-1,,,Performance Schema,"-1,0,16,128,1024,8192,32768,65536,1048576",numeric,Yes,,,,,,https://r.mariadb.com/skysql-system-variables/performance_schema_session_connect_attrs_size/,,,
Yes,Yes,Yes,,,,performance_schema_users_size,-1,-1,-1,,,Performance Schema,"-1,0,16,128,1024,8192,32768,65536,1048576",numeric,Yes,,,,,,https://r.mariadb.com/skysql-system-variables/performance_schema_users_size/,,,
Yes,Yes,Yes,,,,proxy_protocol_networks,,10.0.0.0/8,10.0.0.0/8,,,General,,string,No,,,,,,https://r.mariadb.com/skysql-system-variables/proxy_protocol_networks/,,,
Yes,Yes,Yes,,,,read_only,OFF,OFF,OFF,,,Replication,"OFF,ON",boolean,No,,,,,,https://r.mariadb.com/skysql-system-variables/read_only/,,,
,,,Yes,,Yes,rebalancer_optional_tasks_enabled,,,,TRUE,TRUE,Rebalancer,"TRUE, FALSE",boolean,No,,,,,,https://mariadb.com/docs/xpand/service-management/operations/storage-management/xpand/manage-rebalancer/,,,
,,,Yes,,Yes,rebalancer_split_threshold_kb,,,,8388608,8388608,Rebalancer,"8388608, 16777216, 33554432",integer,No,,,,,,https://mariadb.com/docs/xpand/service-management/operations/storage-management/xpand/manage-rebalancer/,,,
No,No,No,,,,replicate_ignore_db,,,,,,Replication,,string,No,,,,,,https://r.mariadb.com/skysql-system-variables/replicate_ignore_db/,,No,
Yes,Yes,Yes,,,,require_secure_transport,ON,OFF,OFF,,,Security,"OFF,ON",boolean,No,,,,,,https://r.mariadb.com/skysql-system-variables/require_secure_transport/,,No,
No,Yes,No,,,,rpl_semi_sync_master_enabled,OFF,OFF,OFF,,,Replication,"OFF, ON",boolean,No,,,,,,https://r.mariadb.com/skysql-system-variables/rpl_semi_sync_master_enabled/,,,
No,Yes,No,,,,rpl_semi_sync_master_timeout,10000,10000,10000,,,Replication,"1000,10000,30000,60000,120000,600000",integer,No,,,,,,https://r.mariadb.com/skysql-system-variables/rpl_semi_sync_master_timeout/,,,
No,Yes,No,,,,rpl_semi_sync_master_wait_no_slave,ON,ON,ON,,,Replication,"OFF, ON",boolean,No,,,,,,https://r.mariadb.com/skysql-system-variables/rpl_semi_sync_master_wait_no_slave/,,,
No,Yes,No,,,,rpl_semi_sync_master_wait_point,AFTER_COMMIT,AFTER_COMMIT,AFTER_COMMIT,,,Replication,"AFTER_SYNC, AFTER_COMMIT",enumerated,No,,,,,,https://r.mariadb.com/skysql-system-variables/rpl_semi_sync_master_wait_point/,,,
No,Yes,No,,,,rpl_semi_sync_slave_delay_master,OFF,OFF,OFF,,,Replication,"OFF, ON",boolean,No,,,,,,https://r.mariadb.com/skysql-system-variables/rpl_semi_sync_slave_delay_master/,,,
No,Yes,No,,,,rpl_semi_sync_slave_enabled,OFF,OFF,OFF,,,Replication,"OFF, ON",boolean,No,,,,,,https://r.mariadb.com/skysql-system-variables/rpl_semi_sync_slave_enabled/,,,
No,Yes,No,,,,rpl_semi_sync_slave_kill_conn_timeout,5,5,5,,,Replication,"0,5,10,30,60",integer,No,,,,,,https://r.mariadb.com/skysql-system-variables/rpl_semi_sync_slave_kill_conn_timeout/,,,
Yes,Yes,Yes,,,,server_audit,ON,ON,ON,,,Security,"OFF, ON, FORCE, FORCE_PLUS_PERMANENT",eumerated,No,Yes,,,,,"https://mariadb.com/docs/skysql-previous-release/ref/mdb/plugins/SERVER_AUDIT,server_audit2.so/",,,
Yes,Yes,Yes,,,,server_audit_file_rotate_size,1000000,1000000,1000000,,,General,,BIGINT UNSIGNED,No,,,,100,9223372036854775807,https://r.mariadb.com/skysql-system-variables/server_audit_file_rotate_size/,,,
Yes,Yes,Yes,,,,server_audit_logging,OFF,OFF,OFF,,,Security,"ON, OFF",boolean,No,,,,,,https://r.mariadb.com/skysql-system-variables/server_audit_logging/,,,
,,,Yes,,Yes,session_log_slow_threshold_ms,,,,10000,10000,Logging,,double,No,,,,0,1000000,https://mariadb.com/docs/service-management/logs/xpand/query-log/,,,
Yes,Yes,Yes,,,,session_track_system_variables,"5 selected","5 selected","5 selected",,,General,"autocommit,character_set_client,character_set_connection,character_set_results,time_zone, last_gtid",enumerated,No,,,Yes,,,https://r.mariadb.com/skysql-system-variables/session_track_system_variables/,,,
Yes,Yes,Yes,Yes,,Yes,simple_password_check_digits,1,1,1,1,1,Security,"0,1,2,5,10",integer,No,,,,,,https://r.mariadb.com/skysql-system-variables/simple_password_check_digits/,,,
Yes,Yes,Yes,Yes,,Yes,simple_password_check_letters_same_case,1,1,1,1,1,Security,"0,1,2,5,10",integer,No,,,,,,https://r.mariadb.com/skysql-system-variables/simple_password_check_letters_same_case/,,,
Yes,Yes,Yes,Yes,,Yes,simple_password_check_minimal_length,8,8,8,8,8,Security,"0,1,8,12,16,20,32",integer,No,,,,,,https://r.mariadb.com/skysql-system-variables/simple_password_check_minimal_length/,,,
Yes,Yes,Yes,Yes,,Yes,simple_password_check_other_characters,1,1,1,1,1,Security,"0,1,2,5,10",integer,No,,,,,,https://r.mariadb.com/skysql-system-variables/simple_password_check_other_characters/,,,
No,Yes,No,,,,slave_compressed_protocol,OFF,OFF,OFF,,,Replication,"ON, OFF",boolean,No,,,,,,https://r.mariadb.com/skysql-system-variables/slave_compressed_protocol/,,,
No,Yes,No,,,,slave_parallel_mode,optimistic,optimistic,optimistic,,,Replication,"none, minimal, conservative, optimistic, aggressive",enumerated,No,,,,,,https://r.mariadb.com/skysql-system-variables/slave_parallel_mode/,,,
No,Yes,No,,,,slave_parallel_workers,0,0,0,,,Replication,"0,2,4,8,16,32,64,128,256",integer,No,,,,,,https://r.mariadb.com/skysql-system-variables/slave_parallel_workers/,,,
,Yes,,,Yes,,slave_selection_criteria,,LEAST_CURRENT_OPERATIONS,,,,Routers,"LEAST_GLOBAL_CONNECTIONS, LEAST_ROUTER_CONNECTIONS,  LEAST_BEHIND_MASTER, LEAST_CURRENT_OPERATIONS, ADAPTIVE_ROUTING",enum,Yes,,,,,,https://mariadb.com/docs/skysql/ref/mxs/module-parameters/slave_selection_criteria/,,,ReadWriteSplit
Yes,Yes,Yes,,,,slow_query_log,OFF,OFF,OFF,,,General,"ON, OFF",boolean,No,,,,,,https://r.mariadb.com/skysql-system-variables/slow_query_log/,,,
Yes,Yes,Yes,,,,sort_buffer_size,2097152,2097152,2097152,,,General,,bigint unsigned,No,,,,1024,18446744073709551615,https://r.mariadb.com/skysql-system-variables/sort_buffer_size/,,,
Yes,Yes,No,,,,sql_mode,"4 selected","4 selected","4 selected",,,General,"STRICT_TRANS_TABLES,ERROR_FOR_DIVISION_BY_ZERO,NO_AUTO_CREATE_USER,NO_ENGINE_SUBSTITUTION,DB2,MSSQL,ORACLE,POSTGRESQL",string,No,,,Yes,,,https://r.mariadb.com/skysql-system-variables/sql_mode/,,,
,Yes,,,Yes,,strict_multi_stmt,,false,,,,Routers,"true, false",boolean,Yes,,,,,,https://mariadb.com/docs/skysql/ref/mxs/module-parameters/strict_multi_stmt/,,,ReadWriteSplit
Yes,Yes,Yes,Yes,,Yes,strict_password_validation,ON,ON,ON,ON,ON,Security,"OFF, ON",boolean,No,,,,,,https://r.mariadb.com/skysql-system-variables/strict_password_validation/,,,
,Yes,,,Yes,,strict_sp_calls,,false,,,,Routers,"true, false",boolean,Yes,,,,,,https://mariadb.com/docs/skysql/ref/mxs/module-parameters/strict_sp_calls/,,,ReadWriteSplit
No,Yes,No,,,,sync_master_info,1,1,1,,,"Replication, Data Integrity","0,1,10,100,1000,10000,100000",integer,No,,,,,,https://r.mariadb.com/skysql-system-variables/sync_master_info/,,,
No,Yes,No,,,,sync_relay_log,0,0,0,,,"Replication, Data Integrity","0,1,10,100,1000,10000,100000",integer,No,,,,,,https://r.mariadb.com/skysql-system-variables/sync_relay_log/,,,
No,Yes,No,,,,sync_relay_log_info,0,0,0,,,"Replication, Data Integrity","0,1,10,100,1000,10000,100000",integer,No,,,,,,https://r.mariadb.com/skysql-system-variables/sync_relay_log_info/,,,
,,,Yes,,Yes,system_time_zone,,,,UTC,UTC,Timezone,"Africa/Abidjan,Africa/Accra,Africa/Addis_Ababa,Africa/Algiers,Africa/Asmara,Africa/Asmera,Africa/Bamako,Africa/Bangui,Africa/Banjul,Africa/Bissau,Africa/Blantyre,Africa/Brazzaville,Africa/Bujumbura,Africa/Cairo,Africa/Casablanca,Africa/Ceuta,Africa/Conakry,Africa/Dakar,Africa/Dar_es_Salaam,Africa/Djibouti,Africa/Douala,Africa/El_Aaiun,Africa/Freetown,Africa/Gaborone,Africa/Harare,Africa/Johannesburg,Africa/Juba,Africa/Kampala,Africa/Khartoum,Africa/Kigali,Africa/Kinshasa,Africa/Lagos,Africa/Libreville,Africa/Lome,Africa/Luanda,Africa/Lubumbashi,Africa/Lusaka,Africa/Malabo,Africa/Maputo,Africa/Maseru,Africa/Mbabane,Africa/Mogadishu,Africa/Monrovia,Africa/Nairobi,Africa/Ndjamena,Africa/Niamey,Africa/Nouakchott,Africa/Ouagadougou,Africa/Porto-Novo,Africa/Sao_Tome,Africa/Timbuktu,Africa/Tripoli,Africa/Tunis,Africa/Windhoek,America/Adak,America/Anchorage,America/Anguilla,America/Antigua,America/Araguaina,America/Argentina/Buenos_Aires,America/Argentina/Catamarca,America/Argentina/ComodRivadavia,America/Argentina/Cordoba,America/Argentina/Jujuy,America/Argentina/La_Rioja,America/Argentina/Mendoza,America/Argentina/Rio_Gallegos,America/Argentina/Salta,America/Argentina/San_Juan,America/Argentina/San_Luis,America/Argentina/Tucuman,America/Argentina/Ushuaia,America/Aruba,America/Asuncion,America/Atikokan,America/Atka,America/Bahia,America/Bahia_Banderas,America/Barbados,America/Belem,America/Belize,America/Blanc-Sablon,America/Boa_Vista,America/Bogota,America/Boise,America/Buenos_Aires,America/Cambridge_Bay,America/Campo_Grande,America/Cancun,America/Caracas,America/Catamarca,America/Cayenne,America/Cayman,America/Chicago,America/Chihuahua,America/Coral_Harbour,America/Cordoba,America/Costa_Rica,America/Creston,America/Cuiaba,America/Curacao,America/Danmarkshavn,America/Dawson,America/Dawson_Creek,America/Denver,America/Detroit,America/Dominica,America/Edmonton,America/Eirunepe,America/El_Salvador,America/Ensenada,America/Fort_Nelson,America/Fort_Wayne,America/Fortaleza,America/Glace_Bay,America/Godthab,America/Goose_Bay,America/Grand_Turk,America/Grenada,America/Guadeloupe,America/Guatemala,America/Guayaquil,America/Guyana,America/Halifax,America/Havana,America/Hermosillo,America/Indiana/Indianapolis,America/Indiana/Knox,America/Indiana/Marengo,America/Indiana/Petersburg,America/Indiana/Tell_City,America/Indiana/Vevay,America/Indiana/Vincennes,America/Indiana/Winamac,America/Indianapolis,America/Inuvik,America/Iqaluit,America/Jamaica,America/Jujuy,America/Juneau,America/Kentucky/Louisville,America/Kentucky/Monticello,America/Knox_IN,America/Kralendijk,America/La_Paz,America/Lima,America/Los_Angeles,America/Louisville,America/Lower_Princes,America/Maceio,America/Managua,America/Manaus,America/Marigot,America/Martinique,America/Matamoros,America/Mazatlan,America/Mendoza,America/Menominee,America/Merida,America/Metlakatla,America/Mexico_City,America/Miquelon,America/Moncton,America/Monterrey,America/Montevideo,America/Montreal,America/Montserrat,America/Nassau,America/New_York,America/Nipigon,America/Nome,America/Noronha,America/North_Dakota/Beulah,America/North_Dakota/Center,America/North_Dakota/New_Salem,America/Nuuk,America/Ojinaga,America/Panama,America/Pangnirtung,America/Paramaribo,America/Phoenix,America/Port-au-Prince,America/Port_of_Spain,America/Porto_Acre,America/Porto_Velho,America/Puerto_Rico,America/Punta_Arenas,America/Rainy_River,America/Rankin_Inlet,America/Recife,America/Regina,America/Resolute,America/Rio_Branco,America/Rosario,America/Santa_Isabel,America/Santarem,America/Santiago,America/Santo_Domingo,America/Sao_Paulo,America/Scoresbysund,America/Shiprock,America/Sitka,America/St_Barthelemy,America/St_Johns,America/St_Kitts,America/St_Lucia,America/St_Thomas,America/St_Vincent,America/Swift_Current,America/Tegucigalpa,America/Thule,America/Thunder_Bay,America/Tijuana,America/Toronto,America/Tortola,America/Vancouver,America/Virgin,America/Whitehorse,America/Winnipeg,America/Yakutat,America/Yellowknife,Antarctica/Casey,Antarctica/Davis,Antarctica/DumontDUrville,Antarctica/Macquarie,Antarctica/Mawson,Antarctica/McMurdo,Antarctica/Palmer,Antarctica/Rothera,Antarctica/South_Pole,Antarctica/Syowa,Antarctica/Troll,Antarctica/Vostok,Arctic/Longyearbyen,Asia/Aden,Asia/Almaty,Asia/Amman,Asia/Anadyr,Asia/Aqtau,Asia/Aqtobe,Asia/Ashgabat,Asia/Ashkhabad,Asia/Atyrau,Asia/Baghdad,Asia/Bahrain,Asia/Baku,Asia/Bangkok,Asia/Barnaul,Asia/Beirut,Asia/Bishkek,Asia/Brunei,Asia/Calcutta,Asia/Chita,Asia/Choibalsan,Asia/Chongqing,Asia/Chungking,Asia/Colombo,Asia/Dacca,Asia/Damascus,Asia/Dhaka,Asia/Dili,Asia/Dubai,Asia/Dushanbe,Asia/Famagusta,Asia/Gaza,Asia/Harbin,Asia/Hebron,Asia/Ho_Chi_Minh,Asia/Hong_Kong,Asia/Hovd,Asia/Irkutsk,Asia/Istanbul,Asia/Jakarta,Asia/Jayapura,Asia/Jerusalem,Asia/Kabul,Asia/Kamchatka,Asia/Karachi,Asia/Kashgar,Asia/Kathmandu,Asia/Katmandu,Asia/Khandyga,Asia/Kolkata,Asia/Krasnoyarsk,Asia/Kuala_Lumpur,Asia/Kuching,Asia/Kuwait,Asia/Macao,Asia/Macau,Asia/Magadan,Asia/Makassar,Asia/Manila,Asia/Muscat,Asia/Nicosia,Asia/Novokuznetsk,Asia/Novosibirsk,Asia/Omsk,Asia/Oral,Asia/Phnom_Penh,Asia/Pontianak,Asia/Pyongyang,Asia/Qatar,Asia/Qostanay,Asia/Qyzylorda,Asia/Rangoon,Asia/Riyadh,Asia/Saigon,Asia/Sakhalin,Asia/Samarkand,Asia/Seoul,Asia/Shanghai,Asia/Singapore,Asia/Srednekolymsk,Asia/Taipei,Asia/Tashkent,Asia/Tbilisi,Asia/Tehran,Asia/Tel_Aviv,Asia/Thimbu,Asia/Thimphu,Asia/Tokyo,Asia/Tomsk,Asia/Ujung_Pandang,Asia/Ulaanbaatar,Asia/Ulan_Bator,Asia/Urumqi,Asia/Ust-Nera,Asia/Vientiane,Asia/Vladivostok,Asia/Yakutsk,Asia/Yangon,Asia/Yekaterinburg,Asia/Yerevan,Atlantic/Azores,Atlantic/Bermuda,Atlantic/Canary,Atlantic/Cape_Verde,Atlantic/Faeroe,Atlantic/Faroe,Atlantic/Jan_Mayen,Atlantic/Madeira,Atlantic/Reykjavik,Atlantic/South_Georgia,Atlantic/St_Helena,Atlantic/Stanley,Australia/ACT,Australia/Adelaide,Australia/Brisbane,Australia/Broken_Hill,Australia/Canberra,Australia/Currie,Australia/Darwin,Australia/Eucla,Australia/Hobart,Australia/LHI,Australia/Lindeman,Australia/Lord_Howe,Australia/Melbourne,Australia/NSW,Australia/North,Australia/Perth,Australia/Queensland,Australia/South,Australia/Sydney,Australia/Tasmania,Australia/Victoria,Australia/West,Australia/Yancowinna,Brazil/Acre,Brazil/DeNoronha,Brazil/East,Brazil/West,CET,CST6CDT,Canada/Atlantic,Canada/Central,Canada/Eastern,Canada/Mountain,Canada/Newfoundland,Canada/Pacific,Canada/Saskatchewan,Canada/Yukon,Chile/Continental,Chile/EasterIsland,Cuba,EET,EST,EST5EDT,Egypt,Eire,Etc/GMT,Etc/GMT+0,Etc/GMT+1,Etc/GMT+10,Etc/GMT+11,Etc/GMT+12,Etc/GMT+2,Etc/GMT+3,Etc/GMT+4,Etc/GMT+5,Etc/GMT+6,Etc/GMT+7,Etc/GMT+8,Etc/GMT+9,Etc/GMT-0,Etc/GMT-1,Etc/GMT-10,Etc/GMT-11,Etc/GMT-12,Etc/GMT-13,Etc/GMT-14,Etc/GMT-2,Etc/GMT-3,Etc/GMT-4,Etc/GMT-5,Etc/GMT-6,Etc/GMT-7,Etc/GMT-8,Etc/GMT-9,Etc/GMT0,Etc/Greenwich,Etc/UCT,Etc/UTC,Etc/Universal,Etc/Zulu,Europe/Amsterdam,Europe/Andorra,Europe/Astrakhan,Europe/Athens,Europe/Belfast,Europe/Belgrade,Europe/Berlin,Europe/Bratislava,Europe/Brussels,Europe/Bucharest,Europe/Budapest,Europe/Busingen,Europe/Chisinau,Europe/Copenhagen,Europe/Dublin,Europe/Gibraltar,Europe/Guernsey,Europe/Helsinki,Europe/Isle_of_Man,Europe/Istanbul,Europe/Jersey,Europe/Kaliningrad,Europe/Kiev,Europe/Kirov,Europe/Lisbon,Europe/Ljubljana,Europe/London,Europe/Luxembourg,Europe/Madrid,Europe/Malta,Europe/Mariehamn,Europe/Minsk,Europe/Monaco,Europe/Moscow,Europe/Nicosia,Europe/Oslo,Europe/Paris,Europe/Podgorica,Europe/Prague,Europe/Riga,Europe/Rome,Europe/Samara,Europe/San_Marino,Europe/Sarajevo,Europe/Saratov,Europe/Simferopol,Europe/Skopje,Europe/Sofia,Europe/Stockholm,Europe/Tallinn,Europe/Tirane,Europe/Tiraspol,Europe/Ulyanovsk,Europe/Uzhgorod,Europe/Vaduz,Europe/Vatican,Europe/Vienna,Europe/Vilnius,Europe/Volgograd,Europe/Warsaw,Europe/Zagreb,Europe/Zaporozhye,Europe/Zurich,GB,GB-Eire,GMT,GMT+0,GMT-0,GMT0,Greenwich,HST,Hongkong,Iceland,Indian/Antananarivo,Indian/Chagos,Indian/Christmas,Indian/Cocos,Indian/Comoro,Indian/Kerguelen,Indian/Mahe,Indian/Maldives,Indian/Mauritius,Indian/Mayotte,Indian/Reunion,Iran,Israel,Jamaica,Japan,Kwajalein,Libya,MET,MST,MST7MDT,Mexico/BajaNorte,Mexico/BajaSur,Mexico/General,NZ,NZ-CHAT,Navajo,PRC,PST8PDT,Pacific/Apia,Pacific/Auckland,Pacific/Bougainville,Pacific/Chatham,Pacific/Chuuk,Pacific/Easter,Pacific/Efate,Pacific/Enderbury,Pacific/Fakaofo,Pacific/Fiji,Pacific/Funafuti,Pacific/Galapagos,Pacific/Gambier,Pacific/Guadalcanal,Pacific/Guam,Pacific/Honolulu,Pacific/Johnston,Pacific/Kiritimati,Pacific/Kosrae,Pacific/Kwajalein,Pacific/Majuro,Pacific/Marquesas,Pacific/Midway,Pacific/Nauru,Pacific/Niue,Pacific/Norfolk,Pacific/Noumea,Pacific/Pago_Pago,Pacific/Palau,Pacific/Pitcairn,Pacific/Pohnpei,Pacific/Ponape,Pacific/Port_Moresby,Pacific/Rarotonga,Pacific/Saipan,Pacific/Samoa,Pacific/Tahiti,Pacific/Tarawa,Pacific/Tongatapu,Pacific/Truk,Pacific/Wake,Pacific/Wallis,Pacific/Yap,Poland,Portugal,ROC,ROK,Singapore,Turkey,UCT,US/Alaska,US/Aleutian,US/Arizona,US/Central,US/East-Indiana,US/Eastern,US/Hawaii,US/Indiana-Starke,US/Michigan,US/Mountain,US/Pacific,US/Samoa,UTC,Universal,W-SU,WET,Zulu,posixrules",string,No,,,,,,,,,
Yes,Yes,Yes,,,,system_versioning_alter_history,ERROR,ERROR,ERROR,,,General,"ERROR, KEEP",enum,No,,,,,,https://r.mariadb.com/skysql-system-variables/system_versioning_alter_history/,,,
Yes,Yes,Yes,,,,thread_cache_size,256,256,151,,,General,"0,128,256,512,1024,2048,4096",integer,No,,,,,,https://r.mariadb.com/skysql-system-variables/thread_cache_size/,,,
Yes,Yes,Yes,,,,thread_handling,one-thread-per-connection,one-thread-per-connection,one-thread-per-connection,,,General,"one-thread-per-connection, pool-of-threads",enumerated,Yes,,,,,,https://r.mariadb.com/skysql-system-variables/thread_handling/,,,
Yes,Yes,Yes,,,,thread_pool_idle_timeout,60,60,60,,,General,"1,60,300,600,3600,86400,604800,31536000",integer,No,,,,,,https://r.mariadb.com/skysql-system-variables/thread_pool_idle_timeout/,,,
Yes,Yes,Yes,,,,thread_pool_max_threads,65536,65536,65536,,,General,"1,128,256,512,1024,2048,4096,65536",integer,No,,,,,,https://r.mariadb.com/skysql-system-variables/thread_pool_max_threads/,,,
Yes,Yes,Yes,,,,thread_pool_priority,auto,auto,auto,,,General,"high, low, auto",enumerated,No,,,,,,https://r.mariadb.com/skysql-system-variables/thread_pool_priority/,,,
Yes,Yes,Yes,,,,thread_pool_size,2,2,4,,,General,"0,2,4,16,32,64,128,256,512,1024,2048",integer,No,,,,,,https://r.mariadb.com/skysql-system-variables/thread_pool_size/,,No,
Yes,Yes,Yes,,,,transaction_isolation,REPEATABLE-READ,REPEATABLE-READ,REPEATABLE-READ,,,General,"READ-UNCOMMITTED,READ-COMMITTED,REPEATABLE-READ,SERIALIZABLE",string,No,,,,,,https://r.mariadb.com/skysql-system-variables/tx_isolation,,,
,Yes,,,Yes,,transaction_replay,,true,,,,Routers,"true, false",boolean,Yes,,,,,,https://mariadb.com/docs/skysql/ref/mxs/module-parameters/transaction_replay/,,,ReadWriteSplit
,Yes,,,Yes,,transaction_replay_attempts,,10,,,,Routers,"1, 5, 10",integer,Yes,,,,,,https://mariadb.com/docs/skysql/ref/mxs/module-parameters/transaction_replay_attempts/,,,ReadWriteSplit
,Yes,,,Yes,,transaction_replay_max_size,,10Mi,,,,Routers,"1Mi, 16Mi, 32Mi, 64Mi",integer,Yes,,,,,,https://mariadb.com/docs/skysql/ref/mxs/module-parameters/transaction_replay_max_size/,,,ReadWriteSplit
,Yes,,,Yes,,transaction_replay_retry_on_deadlock,,true,,,,Routers,"true, false",boolean,Yes,,,,,,https://mariadb.com/docs/skysql/ref/mxs/module-parameters/transaction_replay_retry_on_deadlock/,,,ReadWriteSplit
,Yes,,,Yes,,use_sql_variables_in,,all,,,,Routers,"master,all",enum,Yes,Yes,,,,,https://mariadb.com/docs/skysql/ref/mxs/module-parameters/use_sql_variables_in/,,,ReadWriteSplit
Yes,Yes,Yes,Yes,,Yes,wait_timeout,600,600,28800,28800,28800,General,,integer,No,,,,1,31536000,https://r.mariadb.com/skysql-system-variables/wait_timeout/,,,
Yes,Yes,,,,,read_buffer_size,131072,131072,,,,"General, Memory",,numeric,No,,,,8200,2147479552,https://r.mariadb.com/skysql-system-variables/read_buffer_size/,,,
Yes,Yes,,,,,read_rnd_buffer_size,262144,262144,,,,"General, Memory",,numeric,No,,,,8200,2147483647,https://r.mariadb.com/skysql-system-variables/read_rnd_buffer_size/,,,
Yes,Yes,,,,,join_buffer_size,262144,262144,,,,"General, Memory",,numeric,No,,,,8228,18446744073709547520,https://r.mariadb.com/skysql-system-variables/join_buffer_size/,,,
Yes,Yes,,,,,binlog_cache_size,32768,32768,,,,"General, Memory",,numeric,No,,,,4096,18446744073709547520,https://r.mariadb.com/skysql-system-variables/binlog_cache_size/,,,
Yes,Yes,,,,,thread_stack,299008,299008,,,,General,,numeric,Yes,,,,131072,18446744073709551615,https://r.mariadb.com/skysql-system-variables/thread_stack/,,,
Yes,Yes,,,,,innodb_autoinc_lock_mode,2,2,,,,"InnoDB, Data Integrity","0,1,2",enum,Yes,,,,,,https://r.mariadb.com/skysql-system-variables/innodb_autoinc_lock_mode/,,,
Yes,,,,,,binlog_format,ROW,,,,,"Logs, Data Integrity","MIXED, STATEMENT, ROW",enum,No,,,,,,https://r.mariadb.com/skysql-system-variables/binlog_format/,,,